Ref,Val,Package,PosX,PosY,Rot,Side
C1,10u X7R 10V,C_0603_1608Metric,30.000000,-48.000000,180.000000,bottom
C2,10u X7R 10V,C_0603_1608Metric,39.000000,-48.000000,180.000000,bottom
C100,100n X7R 10V,C_0603_1608Metric,16.000000,-3.000000,180.000000,bottom
C101,1u X7R 10V,C_0603_1608Metric,12.500000,-6.500000,180.000000,bottom
C102,100n X7R 10V,C_0603_1608Metric,17.000000,-5.000000,180.000000,bottom
C103,100n X7R 10V,C_0603_1608Metric,18.500000,-15.000000,180.000000,bottom
C104,100n X7R 10V,C_0603_1608Metric,15.000000,-10.000000,180.000000,bottom
C105,100n X7R 10V,C_0603_1608Metric,15.000000,-14.000000,180.000000,bottom
C200,100n X7R 10V,C_0603_1608Metric,16.000000,-22.000000,180.000000,bottom
C201,1u X7R 10V,C_0603_1608Metric,11.000000,-21.000000,180.000000,bottom
C202,100n X7R 10V,C_0603_1608Metric,17.000000,-24.000000,180.000000,bottom
C203,100n X7R 10V,C_0603_1608Metric,18.500000,-34.000000,180.000000,bottom
C204,100n X7R 10V,C_0603_1608Metric,15.000000,-29.000000,180.000000,bottom
C205,100n X7R 10V,C_0603_1608Metric,15.000000,-33.000000,180.000000,bottom
C300,100n X7R 10V,C_0603_1608Metric,16.000000,-41.000000,180.000000,bottom
C301,1u X7R 10V,C_0603_1608Metric,11.000000,-40.000000,180.000000,bottom
C302,100n X7R 10V,C_0603_1608Metric,17.000000,-43.000000,180.000000,bottom
C303,100n X7R 10V,C_0603_1608Metric,18.500000,-53.000000,180.000000,bottom
C304,100n X7R 10V,C_0603_1608Metric,15.000000,-48.000000,180.000000,bottom
C305,100n X7R 10V,C_0603_1608Metric,15.000000,-52.000000,180.000000,bottom
C400,100n X7R 10V,C_0603_1608Metric,54.000000,-3.000000,180.000000,bottom
C401,1u X7R 10V,C_0603_1608Metric,57.500000,-6.500000,180.000000,bottom
C402,100n X7R 10V,C_0603_1608Metric,53.000000,-5.000000,180.000000,bottom
C403,100n X7R 10V,C_0603_1608Metric,51.500000,-15.000000,180.000000,bottom
C404,100n X7R 10V,C_0603_1608Metric,55.000000,-10.000000,180.000000,bottom
C405,100n X7R 10V,C_0603_1608Metric,55.000000,-14.000000,180.000000,bottom
C500,100n X7R 10V,C_0603_1608Metric,54.000000,-22.000000,180.000000,bottom
C501,1u X7R 10V,C_0603_1608Metric,59.000000,-21.000000,180.000000,bottom
C502,100n X7R 10V,C_0603_1608Metric,53.000000,-24.000000,180.000000,bottom
C503,100n X7R 10V,C_0603_1608Metric,51.500000,-34.000000,180.000000,bottom
C504,100n X7R 10V,C_0603_1608Metric,55.000000,-29.000000,180.000000,bottom
C505,100n X7R 10V,C_0603_1608Metric,55.000000,-33.000000,180.000000,bottom
C600,100n X7R 10V,C_0603_1608Metric,54.000000,-41.000000,180.000000,bottom
C601,1u X7R 10V,C_0603_1608Metric,59.000000,-40.000000,180.000000,bottom
C602,100n X7R 10V,C_0603_1608Metric,53.000000,-43.000000,180.000000,bottom
C603,100n X7R 10V,C_0603_1608Metric,51.500000,-53.000000,180.000000,bottom
C604,100n X7R 10V,C_0603_1608Metric,55.000000,-48.000000,180.000000,bottom
C605,100n X7R 10V,C_0603_1608Metric,55.000000,-52.000000,180.000000,bottom
R1,100k,R_0603_1608Metric,35.000000,-28.000000,180.000000,bottom
R2,100k,R_0603_1608Metric,39.000000,-28.000000,180.000000,bottom
R100,88.7k 1%,R_0603_1608Metric,21.500000,-8.000000,180.000000,bottom
R101,47k,R_0603_1608Metric,22.000000,-12.000000,180.000000,bottom
R102,10k,R_0603_1608Metric,17.000000,-18.000000,180.000000,bottom
R103,100R,R_0603_1608Metric,9.000000,-6.500000,180.000000,bottom
R104,100R,R_0603_1608Metric,9.000000,-10.000000,180.000000,bottom
R105,100R,R_0603_1608Metric,9.000000,-13.000000,180.000000,bottom
R106,100k,R_0603_1608Metric,18.000000,-8.000000,180.000000,bottom
R107,10k,R_0603_1608Metric,9.000000,-17.000000,180.000000,bottom
R108,47k,R_0603_1608Metric,6.500000,-4.000000,180.000000,bottom
R109,47k,R_0603_1608Metric,9.000000,-15.000000,180.000000,bottom
R110,47k,R_0603_1608Metric,21.000000,-19.000000,180.000000,bottom
R200,88.7k 1%,R_0603_1608Metric,21.500000,-27.000000,180.000000,bottom
R201,47k,R_0603_1608Metric,22.000000,-31.000000,180.000000,bottom
R202,10k,R_0603_1608Metric,17.000000,-37.000000,180.000000,bottom
R203,100R,R_0603_1608Metric,9.000000,-25.000000,180.000000,bottom
R204,100R,R_0603_1608Metric,9.000000,-29.000000,180.000000,bottom
R205,100R,R_0603_1608Metric,9.000000,-32.000000,180.000000,bottom
R206,100k,R_0603_1608Metric,18.000000,-27.000000,180.000000,bottom
R207,10k,R_0603_1608Metric,9.000000,-36.000000,180.000000,bottom
R208,47k,R_0603_1608Metric,9.000000,-23.000000,180.000000,bottom
R209,47k,R_0603_1608Metric,9.000000,-34.000000,180.000000,bottom
R210,47k,R_0603_1608Metric,21.000000,-38.000000,180.000000,bottom
R300,88.7k 1%,R_0603_1608Metric,21.500000,-46.000000,180.000000,bottom
R301,47k,R_0603_1608Metric,22.000000,-50.000000,180.000000,bottom
R302,10k,R_0603_1608Metric,17.000000,-56.000000,180.000000,bottom
R303,100R,R_0603_1608Metric,9.000000,-44.000000,180.000000,bottom
R304,100R,R_0603_1608Metric,9.000000,-48.000000,180.000000,bottom
R305,100R,R_0603_1608Metric,9.000000,-51.000000,180.000000,bottom
R306,100k,R_0603_1608Metric,18.000000,-46.000000,180.000000,bottom
R307,10k,R_0603_1608Metric,9.000000,-55.000000,180.000000,bottom
R308,47k,R_0603_1608Metric,9.000000,-42.000000,180.000000,bottom
R309,47k,R_0603_1608Metric,9.000000,-53.000000,180.000000,bottom
R310,47k,R_0603_1608Metric,21.000000,-57.000000,180.000000,bottom
R400,88.7k 1%,R_0603_1608Metric,48.500000,-8.000000,180.000000,bottom
R401,47k,R_0603_1608Metric,48.000000,-12.000000,180.000000,bottom
R402,10k,R_0603_1608Metric,53.000000,-18.000000,180.000000,bottom
R403,100R,R_0603_1608Metric,63.500000,-4.500000,180.000000,bottom
R404,100R,R_0603_1608Metric,61.000000,-10.000000,180.000000,bottom
R405,100R,R_0603_1608Metric,61.000000,-13.000000,180.000000,bottom
R406,100k,R_0603_1608Metric,52.000000,-8.000000,180.000000,bottom
R407,10k,R_0603_1608Metric,61.000000,-17.000000,180.000000,bottom
R408,47k,R_0603_1608Metric,61.000000,-6.500000,180.000000,bottom
R409,47k,R_0603_1608Metric,61.000000,-15.000000,180.000000,bottom
R410,47k,R_0603_1608Metric,49.000000,-19.000000,180.000000,bottom
R500,88.7k 1%,R_0603_1608Metric,48.500000,-27.000000,180.000000,bottom
R501,47k,R_0603_1608Metric,48.000000,-31.000000,180.000000,bottom
R502,10k,R_0603_1608Metric,53.000000,-37.000000,180.000000,bottom
R503,100R,R_0603_1608Metric,61.000000,-25.000000,180.000000,bottom
R504,100R,R_0603_1608Metric,61.000000,-29.000000,180.000000,bottom
R505,100R,R_0603_1608Metric,61.000000,-32.000000,180.000000,bottom
R506,100k,R_0603_1608Metric,52.000000,-27.000000,180.000000,bottom
R507,10k,R_0603_1608Metric,61.000000,-36.000000,180.000000,bottom
R508,47k,R_0603_1608Metric,61.000000,-23.000000,180.000000,bottom
R509,47k,R_0603_1608Metric,61.000000,-34.000000,180.000000,bottom
R510,47k,R_0603_1608Metric,49.000000,-38.000000,180.000000,bottom
R600,88.7k 1%,R_0603_1608Metric,48.500000,-46.000000,180.000000,bottom
R601,47k,R_0603_1608Metric,48.000000,-50.000000,180.000000,bottom
R602,10k,R_0603_1608Metric,53.000000,-56.000000,180.000000,bottom
R603,100R,R_0603_1608Metric,61.000000,-44.000000,180.000000,bottom
R604,100R,R_0603_1608Metric,61.000000,-48.000000,180.000000,bottom
R605,100R,R_0603_1608Metric,61.000000,-51.000000,180.000000,bottom
R606,100k,R_0603_1608Metric,52.000000,-46.000000,180.000000,bottom
R607,10k,R_0603_1608Metric,61.000000,-55.000000,180.000000,bottom
R608,47k,R_0603_1608Metric,61.000000,-42.000000,180.000000,bottom
R609,47k,R_0603_1608Metric,61.000000,-53.000000,180.000000,bottom
R610,47k,R_0603_1608Metric,49.000000,-57.000000,180.000000,bottom
J1,"CHAIN1 GND,3V3,SCK,MOSI,MISO,CS",JST_GH_SM06B-GHS-TB_1x06-1MP_P1.25mm_Horizontal,5.000000,-10.000000,90.000000,top
J2,"CHAIN2 GND,3V3,SCK,MOSI,MISO,CS",JST_GH_SM06B-GHS-TB_1x06-1MP_P1.25mm_Horizontal,5.000000,-29.000000,90.000000,top
J3,"CHAIN3 GND,3V3,SCK,MOSI,MISO,CS",JST_GH_SM06B-GHS-TB_1x06-1MP_P1.25mm_Horizontal,5.000000,-48.000000,90.000000,top
J4,"CHAIN4 GND,3V3,SCK,MOSI,MISO,CS",JST_GH_SM06B-GHS-TB_1x06-1MP_P1.25mm_Horizontal,65.000000,-10.000000,-90.000000,top
J5,"CHAIN5 GND,3V3,SCK,MOSI,MISO,CS",JST_GH_SM06B-GHS-TB_1x06-1MP_P1.25mm_Horizontal,65.000000,-29.000000,-90.000000,top
J6,"CHAIN6 GND,3V3,SCK,MOSI,MISO,CS",JST_GH_SM06B-GHS-TB_1x06-1MP_P1.25mm_Horizontal,65.000000,-48.000000,-90.000000,top
J7,5V INPUT ONLY / JST PH 2,JST_PH_B2B-PH-SM4-TB_1x02-1MP_P2.00mm_Vertical,35.000000,-55.500000,0.000000,top
J8,"Pololu D24V22F3 harness: GND, VIN5, VOUT3V3",JST_PH_B3B-PH-SM4-TB_1x03-1MP_P2.00mm_Vertical,35.000000,-43.500000,0.000000,top
Q1,2N7002,SOT-23,21.000000,-16.000000,0.000000,top
Q2,2N7002,SOT-23,21.000000,-35.000000,0.000000,top
Q3,2N7002,SOT-23,21.000000,-54.000000,0.000000,top
Q4,2N7002,SOT-23,49.000000,-16.000000,0.000000,top
Q5,2N7002,SOT-23,49.000000,-35.000000,0.000000,top
Q6,2N7002,SOT-23,49.000000,-54.000000,0.000000,top
U100,TPS2553DBVR-1 / latched-off,SOT-23-6,20.500000,-4.500000,0.000000,top
U101,SN74LVC1G125DBVR,SOT-23-5,16.000000,-6.000000,0.000000,top
U102,SN74LVC1G125DBVR,SOT-23-5,13.000000,-10.000000,0.000000,top
U103,SN74LVC1G125DBVR,SOT-23-5,13.000000,-14.000000,0.000000,top
U104,SN74LVC1G125DBVR,SOT-23-5,18.000000,-11.500000,0.000000,top
U200,TPS2553DBVR-1 / latched-off,SOT-23-6,20.000000,-23.500000,0.000000,top
U201,SN74LVC1G125DBVR,SOT-23-5,13.000000,-25.000000,0.000000,top
U202,SN74LVC1G125DBVR,SOT-23-5,13.000000,-29.000000,0.000000,top
U203,SN74LVC1G125DBVR,SOT-23-5,13.000000,-33.000000,0.000000,top
U204,SN74LVC1G125DBVR,SOT-23-5,18.000000,-30.500000,0.000000,top
U300,TPS2553DBVR-1 / latched-off,SOT-23-6,20.000000,-42.500000,0.000000,top
U301,SN74LVC1G125DBVR,SOT-23-5,13.000000,-44.000000,0.000000,top
U302,SN74LVC1G125DBVR,SOT-23-5,13.000000,-48.000000,0.000000,top
U303,SN74LVC1G125DBVR,SOT-23-5,13.000000,-52.000000,0.000000,top
U304,SN74LVC1G125DBVR,SOT-23-5,18.000000,-49.500000,0.000000,top
U400,TPS2553DBVR-1 / latched-off,SOT-23-6,49.500000,-4.500000,0.000000,top
U401,SN74LVC1G125DBVR,SOT-23-5,54.000000,-6.000000,0.000000,top
U402,SN74LVC1G125DBVR,SOT-23-5,57.000000,-10.000000,0.000000,top
U403,SN74LVC1G125DBVR,SOT-23-5,57.000000,-14.000000,0.000000,top
U404,SN74LVC1G125DBVR,SOT-23-5,52.000000,-11.500000,0.000000,top
U500,TPS2553DBVR-1 / latched-off,SOT-23-6,50.000000,-23.500000,0.000000,top
U501,SN74LVC1G125DBVR,SOT-23-5,57.000000,-25.000000,0.000000,top
U502,SN74LVC1G125DBVR,SOT-23-5,57.000000,-29.000000,0.000000,top
U503,SN74LVC1G125DBVR,SOT-23-5,57.000000,-33.000000,0.000000,top
U504,SN74LVC1G125DBVR,SOT-23-5,52.000000,-30.500000,0.000000,top
U600,TPS2553DBVR-1 / latched-off,SOT-23-6,50.000000,-42.500000,0.000000,top
U601,SN74LVC1G125DBVR,SOT-23-5,57.000000,-44.000000,0.000000,top
U602,SN74LVC1G125DBVR,SOT-23-5,57.000000,-48.000000,0.000000,top
U603,SN74LVC1G125DBVR,SOT-23-5,57.000000,-52.000000,0.000000,top
U604,SN74LVC1G125DBVR,SOT-23-5,52.000000,-49.500000,0.000000,top
