board	references	value	footprint	mpn_or_procurement_spec	per_board	assembled_boards	net_quantity	purchase_quantity_or_moq	acceptance
sensor	C1	100n X7R 16V	C_0603_1608Metric		1	48	48	SUPPLIER_QUOTE_REQUIRED	Supplier to return exact manufacturer MPN in AVL before first article; meet value, dielectric, rating and package.
sensor	C2	1u X7R 16V	C_0603_1608Metric		1	48	48	SUPPLIER_QUOTE_REQUIRED	Supplier to return exact manufacturer MPN in AVL before first article; meet value, dielectric, rating and package.
sensor	R1	33R	R_0603_1608Metric		1	48	48	SUPPLIER_QUOTE_REQUIRED	Supplier to return exact manufacturer MPN in AVL before first article; meet value, dielectric, rating and package.
sensor	J1	FACTORY_SOLDERED_5_CORE	WirePads_5P		1	48	48	SUPPLIER_QUOTE_REQUIRED	Supplier to return exact manufacturer MPN in AVL before first article; meet value, dielectric, rating and package.
sensor	R2	10k	R_0603_1608Metric		1	48	48	SUPPLIER_QUOTE_REQUIRED	Supplier to return exact manufacturer MPN in AVL before first article; meet value, dielectric, rating and package.
sensor	U1	MT6701CT-STD-R	SOIC-8_3.9x4.9mm_P1.27mm	MT6701CT-STD-R	1	48	48	SUPPLIER_QUOTE_REQUIRED	Exact listed MPN; substitutions require same pin map and documented electrical/package equivalence.
carrier	J54	JST SH 5P top entry	JST_SH_BM05B-SRSS-TB_1x05-1MP_P1.00mm_Vertical	BM05B-SRSS-TB	1	1	1	SUPPLIER_QUOTE_REQUIRED	Exact listed MPN; substitutions require same pin map and documented electrical/package equivalence.
carrier	R2 R40 R41 R42	10k	R_0603_1608Metric		4	1	4	SUPPLIER_QUOTE_REQUIRED	Supplier to return exact manufacturer MPN in AVL before first article; meet value, dielectric, rating and package.
carrier	J29	JST SH 5P top entry	JST_SH_BM05B-SRSS-TB_1x05-1MP_P1.00mm_Vertical	BM05B-SRSS-TB	1	1	1	SUPPLIER_QUOTE_REQUIRED	Exact listed MPN; substitutions require same pin map and documented electrical/package equivalence.
carrier	F4	1206L110THR / input 1.1A	Fuse_1206_3216Metric	1206L110THR	1	1	1	SUPPLIER_QUOTE_REQUIRED	Exact listed MPN; substitutions require same pin map and documented electrical/package equivalence.
carrier	J45	JST SH 5P top entry	JST_SH_BM05B-SRSS-TB_1x05-1MP_P1.00mm_Vertical	BM05B-SRSS-TB	1	1	1	SUPPLIER_QUOTE_REQUIRED	Exact listed MPN; substitutions require same pin map and documented electrical/package equivalence.
carrier	J32	JST SH 5P top entry	JST_SH_BM05B-SRSS-TB_1x05-1MP_P1.00mm_Vertical	BM05B-SRSS-TB	1	1	1	SUPPLIER_QUOTE_REQUIRED	Exact listed MPN; substitutions require same pin map and documented electrical/package equivalence.
carrier	J26	JST SH 5P top entry	JST_SH_BM05B-SRSS-TB_1x05-1MP_P1.00mm_Vertical	BM05B-SRSS-TB	1	1	1	SUPPLIER_QUOTE_REQUIRED	Exact listed MPN; substitutions require same pin map and documented electrical/package equivalence.
carrier	J10	JST SH 5P top entry	JST_SH_BM05B-SRSS-TB_1x05-1MP_P1.00mm_Vertical	BM05B-SRSS-TB	1	1	1	SUPPLIER_QUOTE_REQUIRED	Exact listed MPN; substitutions require same pin map and documented electrical/package equivalence.
carrier	J42	JST SH 5P top entry	JST_SH_BM05B-SRSS-TB_1x05-1MP_P1.00mm_Vertical	BM05B-SRSS-TB	1	1	1	SUPPLIER_QUOTE_REQUIRED	Exact listed MPN; substitutions require same pin map and documented electrical/package equivalence.
carrier	R30 R31 R32 R33 R34 R35	33R candidate	R_0603_1608Metric		6	1	6	SUPPLIER_QUOTE_REQUIRED	Supplier to return exact manufacturer MPN in AVL before first article; meet value, dielectric, rating and package.
carrier	J51	JST SH 5P top entry	JST_SH_BM05B-SRSS-TB_1x05-1MP_P1.00mm_Vertical	BM05B-SRSS-TB	1	1	1	SUPPLIER_QUOTE_REQUIRED	Exact listed MPN; substitutions require same pin map and documented electrical/package equivalence.
carrier	C7 C8 C9	22u 10V X7R effective >=10u	C_0805_2012Metric	GRM21BR61A226ME51L (subject to DC-bias acceptance)	3	1	3	SUPPLIER_QUOTE_REQUIRED	Exact listed MPN; substitutions require same pin map and documented electrical/package equivalence. C7 effective >=10uF at 4.1V; C8+C9 effective >=20uF at 3.45V. Supplier DC-bias curve required.
carrier	J57	JST SH 5P top entry	JST_SH_BM05B-SRSS-TB_1x05-1MP_P1.00mm_Vertical	BM05B-SRSS-TB	1	1	1	SUPPLIER_QUOTE_REQUIRED	Exact listed MPN; substitutions require same pin map and documented electrical/package equivalence.
carrier	J33	JST SH 5P top entry	JST_SH_BM05B-SRSS-TB_1x05-1MP_P1.00mm_Vertical	BM05B-SRSS-TB	1	1	1	SUPPLIER_QUOTE_REQUIRED	Exact listed MPN; substitutions require same pin map and documented electrical/package equivalence.
carrier	J50	JST SH 5P top entry	JST_SH_BM05B-SRSS-TB_1x05-1MP_P1.00mm_Vertical	BM05B-SRSS-TB	1	1	1	SUPPLIER_QUOTE_REQUIRED	Exact listed MPN; substitutions require same pin map and documented electrical/package equivalence.
carrier	J30	JST SH 5P top entry	JST_SH_BM05B-SRSS-TB_1x05-1MP_P1.00mm_Vertical	BM05B-SRSS-TB	1	1	1	SUPPLIER_QUOTE_REQUIRED	Exact listed MPN; substitutions require same pin map and documented electrical/package equivalence.
carrier	U7	AP3429AW5-7	TSOT-23-5	AP3429AW5-7	1	1	1	SUPPLIER_QUOTE_REQUIRED	Exact listed MPN; substitutions require same pin map and documented electrical/package equivalence.
carrier	J38	JST SH 5P top entry	JST_SH_BM05B-SRSS-TB_1x05-1MP_P1.00mm_Vertical	BM05B-SRSS-TB	1	1	1	SUPPLIER_QUOTE_REQUIRED	Exact listed MPN; substitutions require same pin map and documented electrical/package equivalence.
carrier	R1 R10 R11 R12 R13 R14 R15	100k	R_0603_1608Metric		7	1	7	SUPPLIER_QUOTE_REQUIRED	Supplier to return exact manufacturer MPN in AVL before first article; meet value, dielectric, rating and package.
carrier	J41	JST SH 5P top entry	JST_SH_BM05B-SRSS-TB_1x05-1MP_P1.00mm_Vertical	BM05B-SRSS-TB	1	1	1	SUPPLIER_QUOTE_REQUIRED	Exact listed MPN; substitutions require same pin map and documented electrical/package equivalence.
carrier	J56	JST SH 5P top entry	JST_SH_BM05B-SRSS-TB_1x05-1MP_P1.00mm_Vertical	BM05B-SRSS-TB	1	1	1	SUPPLIER_QUOTE_REQUIRED	Exact listed MPN; substitutions require same pin map and documented electrical/package equivalence.
carrier	J11	JST SH 5P top entry	JST_SH_BM05B-SRSS-TB_1x05-1MP_P1.00mm_Vertical	BM05B-SRSS-TB	1	1	1	SUPPLIER_QUOTE_REQUIRED	Exact listed MPN; substitutions require same pin map and documented electrical/package equivalence.
carrier	J27	JST SH 5P top entry	JST_SH_BM05B-SRSS-TB_1x05-1MP_P1.00mm_Vertical	BM05B-SRSS-TB	1	1	1	SUPPLIER_QUOTE_REQUIRED	Exact listed MPN; substitutions require same pin map and documented electrical/package equivalence.
carrier	J1	7P header	PinHeader_1x07_P2.54mm_Vertical	2.54mm male header 1x7, 4.0mm PCB gap, rows 15.24mm	1	1	1	SUPPLIER_QUOTE_REQUIRED	Exact listed MPN; substitutions require same pin map and documented electrical/package equivalence.
carrier	J20	JST SH 5P top entry	JST_SH_BM05B-SRSS-TB_1x05-1MP_P1.00mm_Vertical	BM05B-SRSS-TB	1	1	1	SUPPLIER_QUOTE_REQUIRED	Exact listed MPN; substitutions require same pin map and documented electrical/package equivalence.
carrier	J23	JST SH 5P top entry	JST_SH_BM05B-SRSS-TB_1x05-1MP_P1.00mm_Vertical	BM05B-SRSS-TB	1	1	1	SUPPLIER_QUOTE_REQUIRED	Exact listed MPN; substitutions require same pin map and documented electrical/package equivalence.
carrier	J21	JST SH 5P top entry	JST_SH_BM05B-SRSS-TB_1x05-1MP_P1.00mm_Vertical	BM05B-SRSS-TB	1	1	1	SUPPLIER_QUOTE_REQUIRED	Exact listed MPN; substitutions require same pin map and documented electrical/package equivalence.
carrier	J3	EXTERNAL REGULATED 5V ONLY; NO USB VBUS TIE	JST_PH_B2B-PH-SM4-TB_1x02-1MP_P2.00mm_Vertical		1	1	1	SUPPLIER_QUOTE_REQUIRED	Supplier to return exact manufacturer MPN in AVL before first article; meet value, dielectric, rating and package.
carrier	U3 U4 U5	CD74HC4067PW	TSSOP-24_4.4x7.8mm_P0.65mm	CD74HC4067PW	3	1	3	SUPPLIER_QUOTE_REQUIRED	Exact listed MPN; substitutions require same pin map and documented electrical/package equivalence.
carrier	C1 C2 C3 C4 C5 C6	100n	C_0603_1608Metric		6	1	6	SUPPLIER_QUOTE_REQUIRED	Supplier to return exact manufacturer MPN in AVL before first article; meet value, dielectric, rating and package.
carrier	J19	JST SH 5P top entry	JST_SH_BM05B-SRSS-TB_1x05-1MP_P1.00mm_Vertical	BM05B-SRSS-TB	1	1	1	SUPPLIER_QUOTE_REQUIRED	Exact listed MPN; substitutions require same pin map and documented electrical/package equivalence.
carrier	J36	JST SH 5P top entry	JST_SH_BM05B-SRSS-TB_1x05-1MP_P1.00mm_Vertical	BM05B-SRSS-TB	1	1	1	SUPPLIER_QUOTE_REQUIRED	Exact listed MPN; substitutions require same pin map and documented electrical/package equivalence.
carrier	J46	JST SH 5P top entry	JST_SH_BM05B-SRSS-TB_1x05-1MP_P1.00mm_Vertical	BM05B-SRSS-TB	1	1	1	SUPPLIER_QUOTE_REQUIRED	Exact listed MPN; substitutions require same pin map and documented electrical/package equivalence.
carrier	J40	JST SH 5P top entry	JST_SH_BM05B-SRSS-TB_1x05-1MP_P1.00mm_Vertical	BM05B-SRSS-TB	1	1	1	SUPPLIER_QUOTE_REQUIRED	Exact listed MPN; substitutions require same pin map and documented electrical/package equivalence.
carrier	J55	JST SH 5P top entry	JST_SH_BM05B-SRSS-TB_1x05-1MP_P1.00mm_Vertical	BM05B-SRSS-TB	1	1	1	SUPPLIER_QUOTE_REQUIRED	Exact listed MPN; substitutions require same pin map and documented electrical/package equivalence.
carrier	J49	JST SH 5P top entry	JST_SH_BM05B-SRSS-TB_1x05-1MP_P1.00mm_Vertical	BM05B-SRSS-TB	1	1	1	SUPPLIER_QUOTE_REQUIRED	Exact listed MPN; substitutions require same pin map and documented electrical/package equivalence.
carrier	J43	JST SH 5P top entry	JST_SH_BM05B-SRSS-TB_1x05-1MP_P1.00mm_Vertical	BM05B-SRSS-TB	1	1	1	SUPPLIER_QUOTE_REQUIRED	Exact listed MPN; substitutions require same pin map and documented electrical/package equivalence.
carrier	J14	JST SH 5P top entry	JST_SH_BM05B-SRSS-TB_1x05-1MP_P1.00mm_Vertical	BM05B-SRSS-TB	1	1	1	SUPPLIER_QUOTE_REQUIRED	Exact listed MPN; substitutions require same pin map and documented electrical/package equivalence.
carrier	J17	JST SH 5P top entry	JST_SH_BM05B-SRSS-TB_1x05-1MP_P1.00mm_Vertical	BM05B-SRSS-TB	1	1	1	SUPPLIER_QUOTE_REQUIRED	Exact listed MPN; substitutions require same pin map and documented electrical/package equivalence.
carrier	F5	0467001.NR / 1A fast	Fuse_0603_1608Metric	0467001.NR	1	1	1	SUPPLIER_QUOTE_REQUIRED	Exact listed MPN; substitutions require same pin map and documented electrical/package equivalence.
carrier	J39	JST SH 5P top entry	JST_SH_BM05B-SRSS-TB_1x05-1MP_P1.00mm_Vertical	BM05B-SRSS-TB	1	1	1	SUPPLIER_QUOTE_REQUIRED	Exact listed MPN; substitutions require same pin map and documented electrical/package equivalence.
carrier	J16	JST SH 5P top entry	JST_SH_BM05B-SRSS-TB_1x05-1MP_P1.00mm_Vertical	BM05B-SRSS-TB	1	1	1	SUPPLIER_QUOTE_REQUIRED	Exact listed MPN; substitutions require same pin map and documented electrical/package equivalence.
carrier	J37	JST SH 5P top entry	JST_SH_BM05B-SRSS-TB_1x05-1MP_P1.00mm_Vertical	BM05B-SRSS-TB	1	1	1	SUPPLIER_QUOTE_REQUIRED	Exact listed MPN; substitutions require same pin map and documented electrical/package equivalence.
carrier	U1 U2	SN74LVC244APWR	TSSOP-20_4.4x6.5mm_P0.65mm	SN74LVC244APWR	2	1	2	SUPPLIER_QUOTE_REQUIRED	Exact listed MPN; substitutions require same pin map and documented electrical/package equivalence.
carrier	J47	JST SH 5P top entry	JST_SH_BM05B-SRSS-TB_1x05-1MP_P1.00mm_Vertical	BM05B-SRSS-TB	1	1	1	SUPPLIER_QUOTE_REQUIRED	Exact listed MPN; substitutions require same pin map and documented electrical/package equivalence.
carrier	R51	66.5k 0.1%	R_0603_1608Metric	TNPW060366K5BEEA	1	1	1	SUPPLIER_QUOTE_REQUIRED	Exact listed MPN; substitutions require same pin map and documented electrical/package equivalence.
carrier	C10	22p C0G starting value	C_0603_1608Metric		1	1	1	SUPPLIER_QUOTE_REQUIRED	Supplier to return exact manufacturer MPN in AVL before first article; meet value, dielectric, rating and package.
carrier	J28	JST SH 5P top entry	JST_SH_BM05B-SRSS-TB_1x05-1MP_P1.00mm_Vertical	BM05B-SRSS-TB	1	1	1	SUPPLIER_QUOTE_REQUIRED	Exact listed MPN; substitutions require same pin map and documented electrical/package equivalence.
carrier	D1	1A Schottky / qualification Vf <=0.5V at full load	D_SMA	SS14	1	1	1	SUPPLIER_QUOTE_REQUIRED	Exact listed MPN; substitutions require same pin map and documented electrical/package equivalence.
carrier	R50	316k 0.1%	R_0603_1608Metric	TNPW0603316KBEEA	1	1	1	SUPPLIER_QUOTE_REQUIRED	Exact listed MPN; substitutions require same pin map and documented electrical/package equivalence.
carrier	J15	JST SH 5P top entry	JST_SH_BM05B-SRSS-TB_1x05-1MP_P1.00mm_Vertical	BM05B-SRSS-TB	1	1	1	SUPPLIER_QUOTE_REQUIRED	Exact listed MPN; substitutions require same pin map and documented electrical/package equivalence.
carrier	U6	SN74LVC125APWR	TSSOP-14_4.4x5mm_P0.65mm	SN74LVC125APWR	1	1	1	SUPPLIER_QUOTE_REQUIRED	Exact listed MPN; substitutions require same pin map and documented electrical/package equivalence.
carrier	J22	JST SH 5P top entry	JST_SH_BM05B-SRSS-TB_1x05-1MP_P1.00mm_Vertical	BM05B-SRSS-TB	1	1	1	SUPPLIER_QUOTE_REQUIRED	Exact listed MPN; substitutions require same pin map and documented electrical/package equivalence.
carrier	J31	JST SH 5P top entry	JST_SH_BM05B-SRSS-TB_1x05-1MP_P1.00mm_Vertical	BM05B-SRSS-TB	1	1	1	SUPPLIER_QUOTE_REQUIRED	Exact listed MPN; substitutions require same pin map and documented electrical/package equivalence.
carrier	J34	JST SH 5P top entry	JST_SH_BM05B-SRSS-TB_1x05-1MP_P1.00mm_Vertical	BM05B-SRSS-TB	1	1	1	SUPPLIER_QUOTE_REQUIRED	Exact listed MPN; substitutions require same pin map and documented electrical/package equivalence.
carrier	J53	JST SH 5P top entry	JST_SH_BM05B-SRSS-TB_1x05-1MP_P1.00mm_Vertical	BM05B-SRSS-TB	1	1	1	SUPPLIER_QUOTE_REQUIRED	Exact listed MPN; substitutions require same pin map and documented electrical/package equivalence.
carrier	Q1	2N7002	SOT-23	2N7002	1	1	1	SUPPLIER_QUOTE_REQUIRED	Exact listed MPN; substitutions require same pin map and documented electrical/package equivalence.
carrier	J13	JST SH 5P top entry	JST_SH_BM05B-SRSS-TB_1x05-1MP_P1.00mm_Vertical	BM05B-SRSS-TB	1	1	1	SUPPLIER_QUOTE_REQUIRED	Exact listed MPN; substitutions require same pin map and documented electrical/package equivalence.
carrier	J48	JST SH 5P top entry	JST_SH_BM05B-SRSS-TB_1x05-1MP_P1.00mm_Vertical	BM05B-SRSS-TB	1	1	1	SUPPLIER_QUOTE_REQUIRED	Exact listed MPN; substitutions require same pin map and documented electrical/package equivalence.
carrier	J44	JST SH 5P top entry	JST_SH_BM05B-SRSS-TB_1x05-1MP_P1.00mm_Vertical	BM05B-SRSS-TB	1	1	1	SUPPLIER_QUOTE_REQUIRED	Exact listed MPN; substitutions require same pin map and documented electrical/package equivalence.
carrier	J52	JST SH 5P top entry	JST_SH_BM05B-SRSS-TB_1x05-1MP_P1.00mm_Vertical	BM05B-SRSS-TB	1	1	1	SUPPLIER_QUOTE_REQUIRED	Exact listed MPN; substitutions require same pin map and documented electrical/package equivalence.
carrier	L1	74438357022 / 2.2uH	L_Wuerth_MAPI-4030	74438357022	1	1	1	SUPPLIER_QUOTE_REQUIRED	Exact listed MPN; substitutions require same pin map and documented electrical/package equivalence.
carrier	J2	7P header	PinHeader_1x07_P2.54mm_Vertical	2.54mm male header 1x7, 4.0mm PCB gap, rows 15.24mm	1	1	1	SUPPLIER_QUOTE_REQUIRED	Exact listed MPN; substitutions require same pin map and documented electrical/package equivalence.
carrier	J35	JST SH 5P top entry	JST_SH_BM05B-SRSS-TB_1x05-1MP_P1.00mm_Vertical	BM05B-SRSS-TB	1	1	1	SUPPLIER_QUOTE_REQUIRED	Exact listed MPN; substitutions require same pin map and documented electrical/package equivalence.
carrier	J18	JST SH 5P top entry	JST_SH_BM05B-SRSS-TB_1x05-1MP_P1.00mm_Vertical	BM05B-SRSS-TB	1	1	1	SUPPLIER_QUOTE_REQUIRED	Exact listed MPN; substitutions require same pin map and documented electrical/package equivalence.
carrier	J12	JST SH 5P top entry	JST_SH_BM05B-SRSS-TB_1x05-1MP_P1.00mm_Vertical	BM05B-SRSS-TB	1	1	1	SUPPLIER_QUOTE_REQUIRED	Exact listed MPN; substitutions require same pin map and documented electrical/package equivalence.
