print_id,quantity,supports_required,file,parts
P001,1,True,print_batch/P001.stl,waist/C01
P002,1,True,print_batch/P002.stl,waist/C14
P003,1,True,print_batch/P003.stl,waist/C15
P004,3,True,print_batch/P004.stl,waist/C01_magnet_seat; head/C01_magnet_seat; thigh_r/C01_magnet_seat
P005,3,True,print_batch/P005.stl,waist/C01_magnet_cap; head/C01_magnet_cap; thigh_r/C01_magnet_cap
P006,2,True,print_batch/P006.stl,waist/C01_pcb_clip; head/C01_pcb_clip
P007,2,True,print_batch/P007.stl,waist/C01_sensor_cradle; head/C01_sensor_cradle
P008,1,True,print_batch/P008.stl,waist/C02_magnet_seat
P009,1,True,print_batch/P009.stl,waist/C02_magnet_cap
P010,2,True,print_batch/P010.stl,waist/C02_pcb_clip; head/C02_pcb_clip
P011,2,True,print_batch/P011.stl,waist/C02_sensor_cradle; head/C02_sensor_cradle
P012,2,False,print_batch/P012.stl,waist/P_radial_pad; thigh_r/P_radial_pad
P013,2,True,print_batch/P013.stl,waist/P_magnet_cap; thigh_r/P_magnet_cap
P014,2,False,print_batch/P014.stl,waist/P_pcb_clip_-14; thigh_r/P_pcb_clip_-14
P015,2,False,print_batch/P015.stl,waist/P_pcb_clip_+14; thigh_r/P_pcb_clip_+14
P016,2,True,print_batch/P016.stl,waist/P_case_plus; thigh_r/P_case_plus
P017,1,True,print_batch/P017.stl,chest/C01
P018,1,True,print_batch/P018.stl,chest/C14
P019,1,True,print_batch/P019.stl,chest/C15
P020,1,True,print_batch/P020.stl,chest/C01_magnet_seat
P021,1,True,print_batch/P021.stl,chest/C01_magnet_cap
P022,1,True,print_batch/P022.stl,chest/C01_pcb_clip
P023,1,True,print_batch/P023.stl,chest/C01_sensor_cradle
P024,1,True,print_batch/P024.stl,chest/C02_magnet_seat
P025,1,True,print_batch/P025.stl,chest/C02_magnet_cap
P026,1,True,print_batch/P026.stl,chest/C02_pcb_clip
P027,1,True,print_batch/P027.stl,chest/C02_sensor_cradle
P028,1,False,print_batch/P028.stl,chest/P_radial_pad
P029,1,True,print_batch/P029.stl,chest/P_magnet_cap
P030,1,False,print_batch/P030.stl,chest/P_pcb_clip_-14
P031,1,False,print_batch/P031.stl,chest/P_pcb_clip_+14
P032,1,True,print_batch/P032.stl,chest/P_case_plus
P033,1,True,print_batch/P033.stl,head/C01
P034,1,True,print_batch/P034.stl,head/C02
P035,1,True,print_batch/P035.stl,head/C14
P036,1,True,print_batch/P036.stl,head/C15
P037,1,True,print_batch/P037.stl,head/C02_magnet_seat
P038,1,True,print_batch/P038.stl,head/C02_magnet_cap
P039,1,False,print_batch/P039.stl,head/P_radial_pad
P040,1,True,print_batch/P040.stl,head/P_magnet_cap
P041,1,False,print_batch/P041.stl,head/P_pcb_clip_-14
P042,1,False,print_batch/P042.stl,head/P_pcb_clip_+14
P043,1,True,print_batch/P043.stl,head/P_case_plus
P044,1,False,print_batch/P044.stl,head/D_radial_pad
P045,1,True,print_batch/P045.stl,head/D_magnet_cap
P046,1,False,print_batch/P046.stl,head/D_pcb_clip_-14
P047,1,False,print_batch/P047.stl,head/D_pcb_clip_+14
P048,1,True,print_batch/P048.stl,head/D_case_plus
P049,1,True,print_batch/P049.stl,upperarm_l/C01
P050,1,True,print_batch/P050.stl,upperarm_l/C02
P051,1,True,print_batch/P051.stl,upperarm_l/C14
P052,1,True,print_batch/P052.stl,upperarm_l/C15
P053,1,True,print_batch/P053.stl,upperarm_l/C01_magnet_seat
P054,1,True,print_batch/P054.stl,upperarm_l/C01_magnet_cap
P055,1,True,print_batch/P055.stl,upperarm_l/C01_pcb_clip
P056,1,True,print_batch/P056.stl,upperarm_l/C01_sensor_cradle
P057,1,True,print_batch/P057.stl,upperarm_l/C02_magnet_seat
P058,1,True,print_batch/P058.stl,upperarm_l/C02_magnet_cap
P059,1,True,print_batch/P059.stl,upperarm_l/C02_pcb_clip
P060,1,True,print_batch/P060.stl,upperarm_l/C02_sensor_cradle
P061,1,False,print_batch/P061.stl,upperarm_l/P_radial_pad
P062,1,True,print_batch/P062.stl,upperarm_l/P_magnet_cap
P063,1,False,print_batch/P063.stl,upperarm_l/P_pcb_clip_-14
P064,1,False,print_batch/P064.stl,upperarm_l/P_pcb_clip_+14
P065,1,True,print_batch/P065.stl,upperarm_l/P_case_plus
P066,1,False,print_batch/P066.stl,upperarm_l/D_radial_pad
P067,1,True,print_batch/P067.stl,upperarm_l/D_magnet_cap
P068,1,False,print_batch/P068.stl,upperarm_l/D_pcb_clip_-14
P069,1,False,print_batch/P069.stl,upperarm_l/D_pcb_clip_+14
P070,1,True,print_batch/P070.stl,upperarm_l/D_case_plus
P071,1,True,print_batch/P071.stl,upperarm_r/C01
P072,1,True,print_batch/P072.stl,upperarm_r/C02
P073,1,True,print_batch/P073.stl,upperarm_r/C14
P074,1,True,print_batch/P074.stl,upperarm_r/C15
P075,1,True,print_batch/P075.stl,upperarm_r/C01_magnet_seat
P076,1,True,print_batch/P076.stl,upperarm_r/C01_magnet_cap
P077,1,True,print_batch/P077.stl,upperarm_r/C01_pcb_clip
P078,1,True,print_batch/P078.stl,upperarm_r/C01_sensor_cradle
P079,1,True,print_batch/P079.stl,upperarm_r/C02_magnet_seat
P080,1,True,print_batch/P080.stl,upperarm_r/C02_magnet_cap
P081,1,True,print_batch/P081.stl,upperarm_r/C02_pcb_clip
P082,1,True,print_batch/P082.stl,upperarm_r/C02_sensor_cradle
P083,1,False,print_batch/P083.stl,upperarm_r/P_radial_pad
P084,1,True,print_batch/P084.stl,upperarm_r/P_magnet_cap
P085,1,False,print_batch/P085.stl,upperarm_r/P_pcb_clip_-14
P086,1,False,print_batch/P086.stl,upperarm_r/P_pcb_clip_+14
P087,1,True,print_batch/P087.stl,upperarm_r/P_case_plus
P088,1,False,print_batch/P088.stl,upperarm_r/D_radial_pad
P089,1,True,print_batch/P089.stl,upperarm_r/D_magnet_cap
P090,1,False,print_batch/P090.stl,upperarm_r/D_pcb_clip_-14
P091,1,False,print_batch/P091.stl,upperarm_r/D_pcb_clip_+14
P092,1,True,print_batch/P092.stl,upperarm_r/D_case_plus
P093,1,True,print_batch/P093.stl,thigh_l/C01
P094,1,True,print_batch/P094.stl,thigh_l/C02
P095,1,True,print_batch/P095.stl,thigh_l/C14
P096,1,True,print_batch/P096.stl,thigh_l/C15
P097,1,True,print_batch/P097.stl,thigh_l/C01_magnet_seat
P098,1,True,print_batch/P098.stl,thigh_l/C01_magnet_cap
P099,1,True,print_batch/P099.stl,thigh_l/C01_pcb_clip
P100,1,True,print_batch/P100.stl,thigh_l/C01_sensor_cradle
P101,1,True,print_batch/P101.stl,thigh_l/C02_magnet_seat
P102,1,True,print_batch/P102.stl,thigh_l/C02_magnet_cap
P103,1,True,print_batch/P103.stl,thigh_l/C02_pcb_clip
P104,1,True,print_batch/P104.stl,thigh_l/C02_sensor_cradle
P105,1,False,print_batch/P105.stl,thigh_l/P_radial_pad
P106,1,True,print_batch/P106.stl,thigh_l/P_magnet_cap
P107,1,False,print_batch/P107.stl,thigh_l/P_pcb_clip_-14
P108,1,False,print_batch/P108.stl,thigh_l/P_pcb_clip_+14
P109,1,True,print_batch/P109.stl,thigh_l/P_case_plus
P110,1,False,print_batch/P110.stl,thigh_l/D_radial_pad
P111,1,True,print_batch/P111.stl,thigh_l/D_magnet_cap
P112,1,False,print_batch/P112.stl,thigh_l/D_pcb_clip_-14
P113,1,False,print_batch/P113.stl,thigh_l/D_pcb_clip_+14
P114,1,True,print_batch/P114.stl,thigh_l/D_case_plus
P115,1,True,print_batch/P115.stl,thigh_r/C01
P116,1,True,print_batch/P116.stl,thigh_r/C02
P117,1,True,print_batch/P117.stl,thigh_r/C14
P118,1,True,print_batch/P118.stl,thigh_r/C15
P119,1,True,print_batch/P119.stl,thigh_r/C01_pcb_clip
P120,1,True,print_batch/P120.stl,thigh_r/C01_sensor_cradle
P121,1,True,print_batch/P121.stl,thigh_r/C02_magnet_seat
P122,1,True,print_batch/P122.stl,thigh_r/C02_magnet_cap
P123,1,True,print_batch/P123.stl,thigh_r/C02_pcb_clip
P124,1,True,print_batch/P124.stl,thigh_r/C02_sensor_cradle
P125,1,False,print_batch/P125.stl,thigh_r/D_radial_pad
P126,1,True,print_batch/P126.stl,thigh_r/D_magnet_cap
P127,1,False,print_batch/P127.stl,thigh_r/D_pcb_clip_-14
P128,1,False,print_batch/P128.stl,thigh_r/D_pcb_clip_+14
P129,1,True,print_batch/P129.stl,thigh_r/D_case_plus
P130,2,True,print_batch/P130.stl,foot_l/C14; foot_r/C14
P131,2,True,print_batch/P131.stl,foot_l/C15; foot_r/C15
P132,2,True,print_batch/P132.stl,foot_l/C01_magnet_seat; foot_r/C01_magnet_seat
P133,2,True,print_batch/P133.stl,foot_l/C01_magnet_cap; foot_r/C01_magnet_cap
P134,2,True,print_batch/P134.stl,foot_l/C01_pcb_clip; foot_r/C01_pcb_clip
P135,2,True,print_batch/P135.stl,foot_l/C01_sensor_cradle; foot_r/C01_sensor_cradle
P136,2,True,print_batch/P136.stl,foot_l/C02_magnet_seat; foot_r/C02_magnet_seat
P137,2,True,print_batch/P137.stl,foot_l/C02_magnet_cap; foot_r/C02_magnet_cap
P138,2,True,print_batch/P138.stl,foot_l/C02_pcb_clip; foot_r/C02_pcb_clip
P139,2,True,print_batch/P139.stl,foot_l/C02_sensor_cradle; foot_r/C02_sensor_cradle
P140,2,True,print_batch/P140.stl,clavicle_l.protract/pcb_clip; hand_l.deviate/pcb_clip
P141,2,True,print_batch/P141.stl,clavicle_l.protract/sensor_cradle; hand_l.deviate/sensor_cradle
P142,2,True,print_batch/P142.stl,clavicle_l.protract/base_service_half; hand_l.deviate/base_service_half
P143,2,True,print_batch/P143.stl,clavicle_l.protract/magnet_cap; hand_l.deviate/magnet_cap
P144,2,True,print_batch/P144.stl,clavicle_l.protract/magnet_seat; hand_l.deviate/magnet_seat
P145,6,True,print_batch/P145.stl,clavicle_l.elevate/pcb_clip; elbow_l.flex/pcb_clip; hand_l.flex/pcb_clip; elbow_r.flex/pcb_clip; hand_r.flex/pcb_clip; hand_r.deviate/pcb_clip
P146,6,True,print_batch/P146.stl,clavicle_l.elevate/sensor_cradle; elbow_l.flex/sensor_cradle; hand_l.flex/sensor_cradle; elbow_r.flex/sensor_cradle; hand_r.flex/sensor_cradle; hand_r.deviate/sensor_cradle
P147,6,True,print_batch/P147.stl,clavicle_l.elevate/base_service_half; elbow_l.flex/base_service_half; hand_l.flex/base_service_half; elbow_r.flex/base_service_half; hand_r.flex/base_service_half; hand_r.deviate/base_service_half
P148,6,True,print_batch/P148.stl,clavicle_l.elevate/magnet_cap; elbow_l.flex/magnet_cap; hand_l.flex/magnet_cap; elbow_r.flex/magnet_cap; hand_r.flex/magnet_cap; hand_r.deviate/magnet_cap
P149,6,True,print_batch/P149.stl,clavicle_l.elevate/magnet_seat; elbow_l.flex/magnet_seat; hand_l.flex/magnet_seat; elbow_r.flex/magnet_seat; hand_r.flex/magnet_seat; hand_r.deviate/magnet_seat
P150,1,True,print_batch/P150.stl,forearm_l.twist/pcb_clip
P151,1,True,print_batch/P151.stl,forearm_l.twist/sensor_cradle
P152,1,True,print_batch/P152.stl,forearm_l.twist/base_service_half
P153,1,True,print_batch/P153.stl,forearm_l.twist/magnet_cap
P154,1,True,print_batch/P154.stl,forearm_l.twist/magnet_seat
P155,2,True,print_batch/P155.stl,calf_l.flex/pcb_clip; calf_r.flex/pcb_clip
P156,2,True,print_batch/P156.stl,calf_l.flex/sensor_cradle; calf_r.flex/sensor_cradle
P157,2,True,print_batch/P157.stl,calf_l.flex/base_service_half; calf_r.flex/base_service_half
P158,2,True,print_batch/P158.stl,calf_l.flex/magnet_cap; calf_r.flex/magnet_cap
P159,2,True,print_batch/P159.stl,calf_l.flex/magnet_seat; calf_r.flex/magnet_seat
P160,2,True,print_batch/P160.stl,ball_l.flex/pcb_clip; ball_r.flex/pcb_clip
P161,1,True,print_batch/P161.stl,ball_l.flex/sensor_cradle
P162,1,True,print_batch/P162.stl,ball_l.flex/base_service_half
P163,1,True,print_batch/P163.stl,ball_l.flex/magnet_cap
P164,1,True,print_batch/P164.stl,ball_l.flex/magnet_seat
P165,1,True,print_batch/P165.stl,clavicle_r.protract/pcb_clip
P166,1,True,print_batch/P166.stl,clavicle_r.protract/sensor_cradle
P167,1,True,print_batch/P167.stl,clavicle_r.protract/base_service_half
P168,1,True,print_batch/P168.stl,clavicle_r.protract/magnet_cap
P169,1,True,print_batch/P169.stl,clavicle_r.protract/magnet_seat
P170,1,True,print_batch/P170.stl,clavicle_r.elevate/pcb_clip
P171,1,True,print_batch/P171.stl,clavicle_r.elevate/sensor_cradle
P172,1,True,print_batch/P172.stl,clavicle_r.elevate/base_service_half
P173,1,True,print_batch/P173.stl,clavicle_r.elevate/magnet_cap
P174,1,True,print_batch/P174.stl,clavicle_r.elevate/magnet_seat
P175,1,True,print_batch/P175.stl,forearm_r.twist/pcb_clip
P176,1,True,print_batch/P176.stl,forearm_r.twist/sensor_cradle
P177,1,True,print_batch/P177.stl,forearm_r.twist/base_service_half
P178,1,True,print_batch/P178.stl,forearm_r.twist/magnet_cap
P179,1,True,print_batch/P179.stl,forearm_r.twist/magnet_seat
P180,1,True,print_batch/P180.stl,ball_r.flex/sensor_cradle
P181,1,True,print_batch/P181.stl,ball_r.flex/base_service_half
P182,1,True,print_batch/P182.stl,ball_r.flex/magnet_cap
P183,1,True,print_batch/P183.stl,ball_r.flex/magnet_seat
P184,1,True,print_batch/P184.stl,frame/ball_r
P185,1,True,print_batch/P185.stl,frame/hand_r
P186,1,True,print_batch/P186.stl,frame/hand_r.flex_frame
P187,1,True,print_batch/P187.stl,frame/forearm_r
P188,1,True,print_batch/P188.stl,frame/elbow_r
P189,1,True,print_batch/P189.stl,frame/clavicle_r.protract_frame
P190,1,True,print_batch/P190.stl,frame/ball_l
P191,1,True,print_batch/P191.stl,frame/hand_l
P192,1,True,print_batch/P192.stl,frame/hand_l.flex_frame
P193,1,True,print_batch/P193.stl,frame/forearm_l
P194,1,True,print_batch/P194.stl,frame/elbow_l
P195,1,True,print_batch/P195.stl,frame/clavicle_l.protract_frame
P196,1,True,print_batch/P196.stl,frame/foot_r
P197,1,True,print_batch/P197.stl,frame/calf_r
P198,1,True,print_batch/P198.stl,frame/foot_l
P199,1,True,print_batch/P199.stl,frame/calf_l
P200,1,True,print_batch/P200.stl,frame/thigh_r
P201,1,True,print_batch/P201.stl,frame/thigh_l
P202,1,True,print_batch/P202.stl,frame/upperarm_r
P203,1,True,print_batch/P203.stl,frame/clavicle_r
P204,1,True,print_batch/P204.stl,frame/upperarm_l
P205,1,True,print_batch/P205.stl,frame/clavicle_l
P206,1,True,print_batch/P206.stl,frame/head
P207,1,True,print_batch/P207.stl,frame/chest
P208,1,True,print_batch/P208.stl,frame/waist
P209,1,True,print_batch/P209.stl,frame/pelvis
P210,1,True,print_batch/P210.stl,accessory/chest/controller_lid
P211,1,True,print_batch/P211.stl,accessory/pelvis/battery_cap
P240,1,True,print_batch/P240.stl,fixture/gateway_base
P241,1,False,print_batch/P241.stl,fixture/gateway_lid
P242,1,False,print_batch/P242.stl,fixture/xiao_spacing_gauge
