raw_index,raw_id,chain,position_nearest_controller_zero_based,part,label
0,waist/r0,1,0,waist/P_sensor_PCB,J1.01
1,waist/r1,1,1,waist/C01_sensor_PCB,J1.02
2,waist/r2,1,2,waist/C02_sensor_PCB,J1.03
3,chest/r0,1,3,chest/P_sensor_PCB,J1.04
4,chest/r1,1,4,chest/C01_sensor_PCB,J1.05
5,chest/r2,1,5,chest/C02_sensor_PCB,J1.06
6,head/r0,2,0,head/P_sensor_PCB,J2.01
7,head/r1,2,1,head/C01_sensor_PCB,J2.02
8,head/r2,2,2,head/C02_sensor_PCB,J2.03
9,head/r3,2,3,head/D_sensor_PCB,J2.04
10,clavicle_l.protract/r0,3,0,clavicle_l.protract/sensor_PCB,J3.01
11,clavicle_l.elevate/r0,3,1,clavicle_l.elevate/sensor_PCB,J3.02
12,upperarm_l/r0,3,2,upperarm_l/P_sensor_PCB,J3.03
13,upperarm_l/r1,3,3,upperarm_l/C01_sensor_PCB,J3.04
14,upperarm_l/r2,3,4,upperarm_l/C02_sensor_PCB,J3.05
15,upperarm_l/r3,3,5,upperarm_l/D_sensor_PCB,J3.06
16,elbow_l.flex/r0,3,6,elbow_l.flex/sensor_PCB,J3.07
17,forearm_l.twist/r0,3,7,forearm_l.twist/sensor_PCB,J3.08
18,hand_l.flex/r0,3,8,hand_l.flex/sensor_PCB,J3.09
19,hand_l.deviate/r0,3,9,hand_l.deviate/sensor_PCB,J3.10
20,clavicle_r.protract/r0,4,0,clavicle_r.protract/sensor_PCB,J4.01
21,clavicle_r.elevate/r0,4,1,clavicle_r.elevate/sensor_PCB,J4.02
22,upperarm_r/r0,4,2,upperarm_r/P_sensor_PCB,J4.03
23,upperarm_r/r1,4,3,upperarm_r/C01_sensor_PCB,J4.04
24,upperarm_r/r2,4,4,upperarm_r/C02_sensor_PCB,J4.05
25,upperarm_r/r3,4,5,upperarm_r/D_sensor_PCB,J4.06
26,elbow_r.flex/r0,4,6,elbow_r.flex/sensor_PCB,J4.07
27,forearm_r.twist/r0,4,7,forearm_r.twist/sensor_PCB,J4.08
28,hand_r.flex/r0,4,8,hand_r.flex/sensor_PCB,J4.09
29,hand_r.deviate/r0,4,9,hand_r.deviate/sensor_PCB,J4.10
30,thigh_l/r0,5,0,thigh_l/P_sensor_PCB,J5.01
31,thigh_l/r1,5,1,thigh_l/C01_sensor_PCB,J5.02
32,thigh_l/r2,5,2,thigh_l/C02_sensor_PCB,J5.03
33,thigh_l/r3,5,3,thigh_l/D_sensor_PCB,J5.04
34,calf_l.flex/r0,5,4,calf_l.flex/sensor_PCB,J5.05
35,foot_l/r0,5,5,foot_l/C01_sensor_PCB,J5.06
36,foot_l/r1,5,6,foot_l/C02_sensor_PCB,J5.07
37,ball_l.flex/r0,5,7,ball_l.flex/sensor_PCB,J5.08
38,thigh_r/r0,6,0,thigh_r/P_sensor_PCB,J6.01
39,thigh_r/r1,6,1,thigh_r/C01_sensor_PCB,J6.02
40,thigh_r/r2,6,2,thigh_r/C02_sensor_PCB,J6.03
41,thigh_r/r3,6,3,thigh_r/D_sensor_PCB,J6.04
42,calf_r.flex/r0,6,4,calf_r.flex/sensor_PCB,J6.05
43,foot_r/r0,6,5,foot_r/C01_sensor_PCB,J6.06
44,foot_r/r1,6,6,foot_r/C02_sensor_PCB,J6.07
45,ball_r.flex/r0,6,7,ball_r.flex/sensor_PCB,J6.08
